{
  "R01": {
    "excel": "Разрешение за поставяне на преместваеми обекти.xls",
    "xml": "reg-01.xsd.xml"
  },
  "R02": {
    "excel": "Разрешение за поставяне на рекламни, информационни и монументално-декоративни елементи.xls",
    "xml": "reg-01.xsd.xml"
  },
  "R03": {
    "excel": "Заповед за премахване на преместваеми обекти, информационни и монументално-декоративни елементи.xls",
    "xml": "reg-01.xsd.xml"
  },
  "R04": {
    "excel": "РешениеЗаповед за разрешаване на изработването на нов или изменение на действащ ОУП.xls",
    "xml": "reg-01.xsd.xml"
  },
  "R05": {
    "excel": "РешениеЗаповед за разрешаване на изработването на нов или изменение на действащ ПУП.xls",
    "xml": "reg-01.xsd.xml"
  },
  "R06": {
    "excel": "РешениеЗаповед за одобряване на нов или изменение на действащ ОУП.xls",
    "xml": "reg-01.xsd.xml"
  },
  "R07": {
    "excel": "РешениеЗаповед за одобряване на нов или изменение на действащ ПУП.xls",
    "xml": "reg-01.xsd.xml"
  },
  "R08": {
    "excel": "Разрешение за промяна на предназначение на сгради или на самостоятелни обекти в сгради без строително-монтажни работи.xls",
    "xml": "reg-01.xsd.xml"
  },
  "R09": {
    "excel": "Разрешение за строеж, и заповеди за допълването му.xls",
    "xml": "reg-01.xsd.xml"
  },
  "R10": {
    "excel": "Удостоверение за упражняване на дейност по оценка на съотв. на инвестиционни проекти и упражняване на строителен надзор.xls",
    "xml": "reg-01.xsd.xml"
  },
  "R11": {
    "excel": "Технически паспорт на строеж.xls",
    "xml": "reg-01.xsd.xml"
  },
  "R12": {
    "excel": "Разрешение за ползване за строежите от първа, втора и трета категория.xls",
    "xml": "reg-01.xsd.xml"
  },
  "R13": {
    "excel": "Удостоверение за въвеждане в експлоатация на строежите от четвърта и пета категория.xls",
    "xml": "reg-01.xsd.xml"
  },
  "R14": {
    "excel": "Заповед за премахване на незаконни строежи от първа, втора и трета категория или на части от тях.xls",
    "xml": "reg-01.xsd.xml"
  },
  "R15": {
    "excel": "Заповед за премахване на незаконни строежи от четвърта, пета и шеста катего-рия или на части от тях.xls",
    "xml": "reg-01.xsd.xml"
  },
  "R16": {
    "excel": "Виза за проектиране, издадена на основание чл. 140, ал. 3 от ЗУТ.xls",
    "xml": "reg-01.xsd.xml"
  }
}
