{
  "menu": [
    {
      "route": "registers",
      "name": "registers",
      "type": "link",
      "link": "/registers",
      "icon": "dashboard",
      "breadcrumb": "menu.registersBreadcrumbTitle",
      "children": [
        {
          "route": "import-file",
          "name": "import-file",
          "type": "link",
          "link": "/registers/import-file/:code",
          "code": null,
          "breadcrumb": "registers.fileBreadcrumb",
          "hasRegister": true,
          "children": [
            {
              "route": "details",
              "name": "details",
              "type": "link",
              "breadcrumb": "registers.filesListBreadcrumb"
            }
          ]
        }
      ]
    }
  ]
}
