﻿<reg:importData xmlns:reg="http://eprut.tlogica.com/reg-01.xsd" xmlns:com="http://eprut.tlogica.com/common-types.xsd">
    <!--1 or more repetitions:-->
    <reg:act>
        <reg:administrativeActType>9</reg:administrativeActType>
        <reg:administrativeActNumber>РД-02-15-3</reg:administrativeActNumber>
        <reg:administrativeActDate>2024-01-13</reg:administrativeActDate>
        <reg:announcementDate>2024-01-16</reg:announcementDate>
        <reg:announcementType>1</reg:announcementType>
        <reg:validFromDate>2024-01-16</reg:validFromDate>
        <reg:status>4</reg:status>
        <reg:changeDate>2024-01-14</reg:changeDate>
        <reg:factGrounds>
            Във връзка с необходимостта от разширяване на сервитута в участък от стълб № 189 до стълб № 427 на въздушна електропроводна линия (ВЛ) 400 kV между п/ст „Марица Изток“
            Република България и п/ст „Неа Санта“ Република Гърция (ВЛ 400 kV „Перперикон“)
        </reg:factGrounds>
        <reg:legalGrounds>чл. 124а, ал. 4, т.2 и ал.9, чл. 135, ал. 3 от ЗУТ</reg:legalGrounds>
        <reg:validToDate>2024-01-16</reg:validToDate>
        <reg:publisher>
            <com:administration>11</com:administration>
            <com:administrationAuthority>6</com:administrationAuthority>
            <!--You have a CHOICE of the next 4 items at this level-->
            <com:ekatte>05243</com:ekatte>
        </reg:publisher>
        <reg:doc01 filename="string" mimeType="string" sha256Checksum="string">
            <com:file>cmV4</com:file>
        </reg:doc01>
        <reg:doc02 filename="string" mimeType="string" sha256Checksum="string">
            <com:file>aWFjdWxhdGE=</com:file>
        </reg:doc02>
        <reg:objectIdentification>Обект номер IV</reg:objectIdentification>
        <reg:objects>
            <reg:object>
                <com:address>
                    <com:municipality>BGS</com:municipality>
                    <com:floor>3</com:floor>
                    <com:details>
                        <com:detailUnit type="4" value="Голям"/>
                        <com:detailNumber type="5" value="7"/>
                        <com:detailNumber type="3" value="2B"/>
                    </com:details>
                </com:address>
                <com:kvs_number>5522</com:kvs_number>
                <com:description>Прост обект в нищото</com:description>
            </reg:object>
            <reg:object>
                <com:address>
                    <com:municipality>BGS</com:municipality>
                    <com:floor>7</com:floor>
                    <com:details>
                        <com:detailUnit type="4" value="Голям"/>
                        <com:detailNumber type="5" value="7"/>
                        <com:detailNumber type="3" value="2B"/>
                    </com:details>
                </com:address>
                <com:kvs_number>5522</com:kvs_number>
                <com:description>Прост обект в нищото</com:description>
            </reg:object>
            <reg:object>
                <com:address>
                    <com:municipality>BGS</com:municipality>
                    <com:floor>1</com:floor>
                    <com:details>
                        <com:detailUnit type="4" value="Голям"/>
                        <com:detailNumber type="5" value="7"/>
                        <com:detailNumber type="3" value="2B"/>
                    </com:details>
                </com:address>
                <com:kvs_number>5522</com:kvs_number>
                <com:description>Прост обект в нищото</com:description>
            </reg:object>
            <reg:object>
                <com:address>
                    <com:municipality>BGS</com:municipality>
                    <com:floor>2</com:floor>
                    <com:details>
                        <com:detailUnit type="4" value="Голям"/>
                        <com:detailNumber type="5" value="7"/>
                        <com:detailNumber type="3" value="2B"/>
                    </com:details>
                </com:address>
                <com:kvs_number>5522</com:kvs_number>
                <com:description>Прост обект в нищото</com:description>
            </reg:object>
            <reg:object>
                <com:address>
                    <com:municipality>BGS</com:municipality>
                    <com:floor>3</com:floor>
                    <com:details>
                        <com:detailUnit type="4" value="Голям"/>
                        <com:detailNumber type="5" value="7"/>
                        <com:detailNumber type="3" value="2B"/>
                    </com:details>
                </com:address>
                <com:kvs_number>5522</com:kvs_number>
                <com:description>Прост обект в нищото</com:description>
            </reg:object>
            <reg:object>
                <com:address>
                    <com:municipality>BGS</com:municipality>
                    <com:floor>4</com:floor>
                    <com:details>
                        <com:detailUnit type="4" value="Голям"/>
                        <com:detailNumber type="5" value="7"/>
                        <com:detailNumber type="3" value="2B"/>
                    </com:details>
                </com:address>
                <com:kvs_number>5522</com:kvs_number>
                <com:description>Прост обект в нищото</com:description>
            </reg:object>
        </reg:objects>
        <!--You have a CHOICE of the next 3 items at this level-->
        <!--Zero or more repetitions:-->
        <reg:annex1>
            <reg:file filename="string" mimeType="string" sha256Checksum="string" type="1" subType="15">
                <com:file>aWFjdWxhdGE=</com:file>
            </reg:file>
        </reg:annex1>
        <reg:annex2>
            <reg:file filename="string" mimeType="string" sha256Checksum="string" type="44" subType="16">
                <com:file>aWFjdWxhdGE=</com:file>
            </reg:file>
        </reg:annex2>
        <reg:annex3>
            <reg:file filename="string" mimeType="string" sha256Checksum="string" contestDescription="Не искам да ви жаля">
                <com:file>aWFjdWxhdGE=</com:file>
            </reg:file>
        </reg:annex3>
        <!--1 or more repetitions:-->
        <reg:applicants>
            <reg:applicant customerType="4" capacity="3">
                <com:entity>
                    <!--You have a CHOICE of the next 3 items at this level-->
                    <com:physicalEntity>
                        <com:identifierType>3</com:identifierType>
                        <com:identifier>9810020000</com:identifier>
                        <!--Optional:-->
                        <com:firstName>Денис</com:firstName>
                        <!--Optional:-->
                        <!--Optional:-->
                        <com:lastName>Бялев</com:lastName>
                    </com:physicalEntity>
                    <!--Optional:-->
                    <com:email>none</com:email>
                    <!--Optional:-->
                    <com:phone>+359883222999</com:phone>
                </com:entity>
                <!--Optional:-->
                <com:address>
                    <!--Optional:-->
                    <com:village>02590</com:village>
                    <!--Optional:-->
                    <com:floor>200</com:floor>
                    <!--Optional:-->
                    <com:details>
                        <!--1 or more repetitions:-->
                        <com:detailUnit type="3" value="Голям"/>
                        <!--1 or more repetitions:-->
                        <com:detailNumber type="5" value="66"/>
                    </com:details>
                    <!--Optional:-->
                </com:address>
            </reg:applicant>
        </reg:applicants>
    </reg:act>
</reg:importData>
