<?xml version="1.0" encoding="UTF-8"?> 
<!-- https://stackoverflow.com/questions/29967425/logback-log-catalina-in-a-separate-file -->
<!-- https://logback.qos.ch/manual/jmxConfig.html -->
<!-- https://logback.qos.ch/manual/configuration.html -->
<!-- https://logback.qos.ch/manual/architecture.html -->
<configuration>

    <!-- jmx : start --> 
    <contextName>xml-extractor</contextName>
    <jmxConfigurator/>
    <!-- jmx : end -->

    <!-- logging : start -->
    <appender name="STDOUT" class="ch.qos.logback.core.ConsoleAppender">
        <encoder>
            <pattern>%d{HH:mm:ss.SSS} [%thread] %-5level %logger{36} - %msg%n</pattern>
        </encoder>
    </appender>
    
    <appender name="FILE" class="ch.qos.logback.core.rolling.RollingFileAppender">
        <file>${catalina.base}/logs/${CONTEXT_NAME}/${CONTEXT_NAME}.log</file>
        <append>true</append> 
        <immediateFlush>true</immediateFlush>
        <rollingPolicy class="ch.qos.logback.core.rolling.SizeAndTimeBasedRollingPolicy">
            <!-- daily -->
            <fileNamePattern>${catalina.base}/logs/${CONTEXT_NAME}/${CONTEXT_NAME}.%d{yyyy-MM-dd}.%i.log</fileNamePattern>
            <!-- keep 30 or 3GB total -->
            <maxHistory>30</maxHistory>
            <maxFileSize>3MB</maxFileSize>
            <totalSizeCap>300MB</totalSizeCap>
        </rollingPolicy> 
        <encoder>
            <pattern>%d{HH:mm:ss.SSS} [%thread] %-5level %logger{36} - %msg%n</pattern>
        </encoder>
    </appender>
        <appender name="SHARED_FILE" class="ch.qos.logback.core.rolling.RollingFileAppender">
            <file>/mnt/shared_data/tomcat_logs/${CONTEXT_NAME}/${CONTEXT_NAME}.log</file>
            <append>true</append>
            <prudent>false</prudent>
            <immediateFlush>true</immediateFlush>
            <rollingPolicy class="ch.qos.logback.core.rolling.SizeAndTimeBasedRollingPolicy">
                <!-- daily -->
                <fileNamePattern>/mnt/shared_data/tomcat_logs/${CONTEXT_NAME}/${CONTEXT_NAME}.%d{yyyy-MM-dd}.%i.log</fileNamePattern>
                <!-- keep 30 or 3GB total -->
                <maxHistory>30</maxHistory>
                <maxFileSize>3MB</maxFileSize>
                <totalSizeCap>300MB</totalSizeCap>
            </rollingPolicy>
            <encoder>
                <pattern>%d{HH:mm:ss.SSS} [%thread] %-5level %logger{36} - %msg%n</pattern>
            </encoder>
        </appender>
    <root level="WARN">
        <appender-ref ref="STDOUT" />
        <appender-ref ref="FILE" />
        <appender-ref ref="SHARED_FILE" />
<!--        <appender-ref ref="STASH" />-->
    </root>
    

    <logger name="com.eprut" level="INFO" />
    <logger name="tl.abstractWorkers" level="INFO" />
    <!-- logging : end -->
	<contextListener class="ch.qos.logback.classic.jul.LevelChangePropagator"/>
</configuration>
